model,rmse
rf,13.922207753919444
xgb,35.418916506597675
cf_te,NA
